/*
 * DO NOT ALTER OR REMOVE COPYRIGHT NOTICES OR THIS HEADER.
 *
 * Copyright 2020-2030 ZHENGGENGWEI<码匠君>. All rights reserved.
 *
 * - Author: ZHENGGENGWEI<码匠君>
 * - Contact: herodotus@aliyun.com
 * - Blog and source code availability: https://gitee.com/herodotus/herodotus-cloud
 */


-- ----------------------------
-- Table data for oauth2_application
-- ----------------------------
INSERT INTO "oauth2_application" ("application_id", "create_time", "ranking", "update_time", "description", "is_reserved", "reversion", "status", "abbreviation", "access_token_format", "access_token_validity", "application_name", "application_type", "signing_algorithm", "authorization_grant_types", "client_authentication_methods", "client_id", "client_secret", "client_secret_expires_at", "homepage", "signature_algorithm", "jwk_set_url", "logo", "redirect_uris", "refresh_token_validity", "require_authorization_consent", "require_proof_key", "reuse_refresh_tokens", "create_by", "update_by", "authorization_code_validity", "client_id_issued_at", "device_code_validity", "post_logout_redirect_uris") VALUES ('c2273230-21e4-49ed-ab8a-db2d357a897e', '2023-04-21 10:27:01.104', 0, '2023-05-16 14:21:37.476', '客户端常规测试', 't', 0, 0, NULL, 0, '21600000000000', '客户端常规测试', 1, NULL, 'refresh_token,client_credentials,urn:ietf:params:oauth:grant-type:device_code,authorization_code,urn:ietf:params:oauth:grant-type:jwt-bearer', 'client_secret_post,private_key_jwt,client_secret_jwt,none,client_secret_basic', '35026971d1fa406aaa150299d4f7bb39', '07e2d86f2b0641c4bb03e512a3eb0eac', NULL, NULL, 0, NULL, NULL, 'http://127.0.0.1:8090/login/oauth2/code/messaging-client-oidc,http://127.0.0.1:8090/authorized', '86400000000000', 't', 'f', 't', NULL, 'system', '300000000000', '2023-05-16 15:10:24.311607', '300000000000', NULL);
INSERT INTO "oauth2_application" ("application_id", "create_time", "ranking", "update_time", "description", "is_reserved", "reversion", "status", "abbreviation", "access_token_format", "access_token_validity", "application_name", "application_type", "signing_algorithm", "authorization_grant_types", "client_authentication_methods", "client_id", "client_secret", "client_secret_expires_at", "homepage", "signature_algorithm", "jwk_set_url", "logo", "redirect_uris", "refresh_token_validity", "require_authorization_consent", "require_proof_key", "reuse_refresh_tokens", "create_by", "update_by", "authorization_code_validity", "client_id_issued_at", "device_code_validity", "post_logout_redirect_uris") VALUES ('7a5e1219-9f80-4142-897b-e3bda6135525', '2023-05-02 18:08:03.681', 0, '2023-05-16 14:21:59.97', 'Device认证模式测试客户端', 't', 0, 0, NULL, 0, '21600000000000', '客户端Device测试', 1, NULL, 'refresh_token,urn:ietf:params:oauth:grant-type:device_code', 'none,client_secret_basic', 'dcbbd793ee274e75822762728dcee91b', 'fccedb74fae1423d95f875c2b4b5d403', NULL, NULL, 0, NULL, NULL, 'http://127.0.0.1:8070/authorize', '86400000000000', 't', 'f', 't', NULL, 'system', '300000000000', '2023-05-16 15:10:24.311607', '300000000000', NULL);
INSERT INTO "oauth2_application" ("application_id", "create_time", "ranking", "update_time", "description", "is_reserved", "reversion", "status", "abbreviation", "access_token_format", "access_token_validity", "application_name", "application_type", "signing_algorithm", "authorization_grant_types", "client_authentication_methods", "client_id", "client_secret", "client_secret_expires_at", "homepage", "signature_algorithm", "jwk_set_url", "logo", "redirect_uris", "refresh_token_validity", "require_authorization_consent", "require_proof_key", "reuse_refresh_tokens", "create_by", "update_by", "authorization_code_validity", "client_id_issued_at", "device_code_validity", "post_logout_redirect_uris") VALUES ('dfe3e7bc-22e9-443f-a874-947494e20174', '2022-03-18 18:51:00.191', 1, '2023-05-16 14:22:15.088', NULL, 't', 0, 0, 'Herodotus Cloud UI', 1, '7200000000000', '业务中台管理系统', 0, 0, 'refresh_token,password,client_credentials,authorization_code,social_credentials', 'client_secret_post,client_secret_basic', '14a9cf797931430896ad13a6b1855611', 'a05fe1fc50ed42a4990c6c6fc4bec398', '2023-12-31 00:00:00', NULL, 0, NULL, NULL, 'http://192.168.101.10:3000/authorization-code', '86400000000000', 't', 'f', 't', NULL, 'system', '300000000000', '2023-05-16 15:10:24.311607', '300000000000', NULL);
INSERT INTO "oauth2_application" ("application_id", "create_time", "ranking", "update_time", "description", "is_reserved", "reversion", "status", "abbreviation", "access_token_format", "access_token_validity", "application_name", "application_type", "signing_algorithm", "authorization_grant_types", "client_authentication_methods", "client_id", "client_secret", "client_secret_expires_at", "homepage", "signature_algorithm", "jwk_set_url", "logo", "redirect_uris", "refresh_token_validity", "require_authorization_consent", "require_proof_key", "reuse_refresh_tokens", "create_by", "update_by", "authorization_code_validity", "client_id_issued_at", "device_code_validity", "post_logout_redirect_uris") VALUES ('422baa83-505c-436f-87b5-2a599e6d2d28', '2022-04-02 16:26:26.26', 0, '2023-05-16 14:22:26.293', NULL, 't', 0, 0, 'Herodotus Cloud UI（PKCE）', 1, '7200000000000', '业务中台管理系统（PKCE）', 0, NULL, 'refresh_token,password,client_credentials,authorization_code,social_credentials', 'client_secret_post,client_secret_basic', '67601992f3574c75809a3d79888bf16e', '3e62c1f9678a4dba81b31ad9f6ab8940', NULL, NULL, 0, NULL, NULL, 'http://192.168.101.10:8847/herodotus-cloud-upms/open/authorized', '864000000000000', 't', 't', 't', NULL, 'system', '300000000000', '2023-05-16 15:10:24.311607', '300000000000', NULL);

-- ----------------------------
-- Table data for oauth2_registered_client
-- ----------------------------
INSERT INTO "oauth2_registered_client" ("id", "authorization_grant_types", "client_authentication_methods", "client_id", "client_id_issued_at", "client_name", "client_secret", "client_secret_expires_at", "client_settings", "post_logout_redirect_uris", "redirect_uris", "scopes", "token_settings") VALUES ('7a5e1219-9f80-4142-897b-e3bda6135525', 'refresh_token,urn:ietf:params:oauth:grant-type:device_code', 'none,client_secret_basic', 'dcbbd793ee274e75822762728dcee91b', '2023-05-02 18:08:03.771453', '7a5e1219-9f80-4142-897b-e3bda6135525', '{bcrypt}$2a$10$KURcfB6eUuzcaP6LNgDHS.yVw8.7yQUn7N/hnIXlTPhdOztltrs9K', NULL, '{"@class":"java.util.Collections$UnmodifiableMap","settings.client.require-proof-key":false,"settings.client.require-authorization-consent":true}', '', 'http://127.0.0.1:8070/authorize', 'message.read,message.write', '{"@class":"java.util.Collections$UnmodifiableMap","settings.token.reuse-refresh-tokens":true,"settings.token.id-token-signature-algorithm":["org.springframework.security.oauth2.jose.jws.SignatureAlgorithm","RS256"],"settings.token.access-token-time-to-live":["java.time.Duration",21600.000000000],"settings.token.access-token-format":{"@class":"org.springframework.security.oauth2.server.authorization.settings.OAuth2TokenFormat","value":"self-contained"},"settings.token.refresh-token-time-to-live":["java.time.Duration",86400.000000000],"settings.token.authorization-code-time-to-live":["java.time.Duration",300.000000000],"settings.token.device-code-time-to-live":["java.time.Duration",300.000000000]}');
INSERT INTO "oauth2_registered_client" ("id", "authorization_grant_types", "client_authentication_methods", "client_id", "client_id_issued_at", "client_name", "client_secret", "client_secret_expires_at", "client_settings", "post_logout_redirect_uris", "redirect_uris", "scopes", "token_settings") VALUES ('dfe3e7bc-22e9-443f-a874-947494e20174', 'refresh_token,password,client_credentials,authorization_code,social_credentials', 'client_secret_post,client_secret_basic', '14a9cf797931430896ad13a6b1855611', '2022-03-18 18:51:00.373', 'dfe3e7bc-22e9-443f-a874-947494e20174', '{bcrypt}$2a$10$zMYASIL2zd0LKPcT5PQ8iOVZyuQDIRiI7Vuibj3brP0HybSsR5eKK', '2023-12-31 00:00:00', '{"@class":"java.util.Collections$UnmodifiableMap","settings.client.require-authorization-consent":true,"settings.client.token-endpoint-authentication-signing-algorithm":["org.springframework.security.oauth2.jose.jws.SignatureAlgorithm","RS256"],"settings.client.require-proof-key":false}', '', 'http://192.168.101.10:3000/authorization-code', 'read-user-by-page,openid,client.create,profile,client.read', '{"@class":"java.util.Collections$UnmodifiableMap","settings.token.reuse-refresh-tokens":true,"settings.token.id-token-signature-algorithm":["org.springframework.security.oauth2.jose.jws.SignatureAlgorithm","RS256"],"settings.token.access-token-time-to-live":["java.time.Duration",7200.000000000],"settings.token.access-token-format":{"@class":"org.springframework.security.oauth2.server.authorization.settings.OAuth2TokenFormat","value":"reference"},"settings.token.refresh-token-time-to-live":["java.time.Duration",86400.000000000],"settings.token.authorization-code-time-to-live":["java.time.Duration",300.000000000],"settings.token.device-code-time-to-live":["java.time.Duration",300.000000000]}');
INSERT INTO "oauth2_registered_client" ("id", "authorization_grant_types", "client_authentication_methods", "client_id", "client_id_issued_at", "client_name", "client_secret", "client_secret_expires_at", "client_settings", "post_logout_redirect_uris", "redirect_uris", "scopes", "token_settings") VALUES ('422baa83-505c-436f-87b5-2a599e6d2d28', 'refresh_token,password,client_credentials,authorization_code,social_credentials', 'client_secret_post,client_secret_basic', '67601992f3574c75809a3d79888bf16e', '2022-04-02 16:26:26.776', '422baa83-505c-436f-87b5-2a599e6d2d28', '{bcrypt}$2a$10$2T9TCcT.Sin/.UAPrQuG4e97gFgrvILXlByFoMBPCjtaFE36/b8jK', NULL, '{"@class":"java.util.Collections$UnmodifiableMap","settings.client.require-proof-key":true,"settings.client.require-authorization-consent":true}', '', 'http://192.168.101.10:8847/herodotus-cloud-upms/open/authorized', 'read-user-by-page,openid,profile', '{"@class":"java.util.Collections$UnmodifiableMap","settings.token.reuse-refresh-tokens":true,"settings.token.id-token-signature-algorithm":["org.springframework.security.oauth2.jose.jws.SignatureAlgorithm","RS256"],"settings.token.access-token-time-to-live":["java.time.Duration",7200.000000000],"settings.token.access-token-format":{"@class":"org.springframework.security.oauth2.server.authorization.settings.OAuth2TokenFormat","value":"reference"},"settings.token.refresh-token-time-to-live":["java.time.Duration",864000.000000000],"settings.token.authorization-code-time-to-live":["java.time.Duration",300.000000000],"settings.token.device-code-time-to-live":["java.time.Duration",300.000000000]}');
INSERT INTO "oauth2_registered_client" ("id", "authorization_grant_types", "client_authentication_methods", "client_id", "client_id_issued_at", "client_name", "client_secret", "client_secret_expires_at", "client_settings", "post_logout_redirect_uris", "redirect_uris", "scopes", "token_settings") VALUES ('c2273230-21e4-49ed-ab8a-db2d357a897e', 'refresh_token,client_credentials,urn:ietf:params:oauth:grant-type:device_code,authorization_code,urn:ietf:params:oauth:grant-type:jwt-bearer', 'client_secret_post,private_key_jwt,client_secret_jwt,none,client_secret_basic', '35026971d1fa406aaa150299d4f7bb39', '2023-04-21 10:27:01.175063', 'c2273230-21e4-49ed-ab8a-db2d357a897e', '{bcrypt}$2a$10$DhTXhrHUMP1cm1H.eHlLRuiq4osx00oHVlJE9O79RQLayk68UpzKe', NULL, '{"@class":"java.util.Collections$UnmodifiableMap","settings.client.require-proof-key":false,"settings.client.require-authorization-consent":true}', '', 'http://127.0.0.1:8090/authorized,http://127.0.0.1:8090/login/oauth2/code/messaging-client-oidc', 'openid,profile,message.read,message.write', '{"@class":"java.util.Collections$UnmodifiableMap","settings.token.reuse-refresh-tokens":true,"settings.token.id-token-signature-algorithm":["org.springframework.security.oauth2.jose.jws.SignatureAlgorithm","RS256"],"settings.token.access-token-time-to-live":["java.time.Duration",21600.000000000],"settings.token.access-token-format":{"@class":"org.springframework.security.oauth2.server.authorization.settings.OAuth2TokenFormat","value":"self-contained"},"settings.token.refresh-token-time-to-live":["java.time.Duration",86400.000000000],"settings.token.authorization-code-time-to-live":["java.time.Duration",300.000000000],"settings.token.device-code-time-to-live":["java.time.Duration",300.000000000]}');

-- ----------------------------
-- Table data for oauth2_scope
-- ----------------------------
INSERT INTO "oauth2_scope" ("scope_id", "create_time", "ranking", "update_time", "description", "is_reserved", "reversion", "status", "scope_code", "scope_name", "create_by", "update_by") VALUES ('bd344a2e-47d6-4b45-b77f-50ca8623f09f', '2022-03-24 11:58:19.517', 1, '2022-03-24 11:58:19.517', NULL, 't', 0, 0, 'openid', 'OIDC OpenId', NULL, NULL);
INSERT INTO "oauth2_scope" ("scope_id", "create_time", "ranking", "update_time", "description", "is_reserved", "reversion", "status", "scope_code", "scope_name", "create_by", "update_by") VALUES ('725e5456-25fa-4d47-a8fc-eaff5770200e', '2022-11-26 16:46:04.778', 0, '2022-11-26 16:46:04', '客户端创建', 't', 0, 0, 'client.create', 'OIDC Client Registration', NULL, NULL);
INSERT INTO "oauth2_scope" ("scope_id", "create_time", "ranking", "update_time", "description", "is_reserved", "reversion", "status", "scope_code", "scope_name", "create_by", "update_by") VALUES ('3b959f84-67ca-434c-907f-db1ab5456ffe', '2022-11-26 22:10:11.867', 0, '2022-11-26 22:10:11.867', '客户端信息读取', 't', 0, 0, 'client.read', 'OIDC Client Read', NULL, NULL);
INSERT INTO "oauth2_scope" ("scope_id", "create_time", "ranking", "update_time", "description", "is_reserved", "reversion", "status", "scope_code", "scope_name", "create_by", "update_by") VALUES ('63dcc6d1-462e-4e7a-b9c1-70d15a747e63', '2023-05-03 18:17:55.213', 2, '2023-05-03 18:18:21.998', '获取用户资料', 't', 0, 0, 'profile', '用户资料', 'system', 'system');
INSERT INTO "oauth2_scope" ("scope_id", "create_time", "ranking", "update_time", "description", "is_reserved", "reversion", "status", "scope_code", "scope_name", "create_by", "update_by") VALUES ('a9c5c99a-dd59-4d77-b36d-740979f33719', '2023-05-03 18:19:45.367', 5, '2023-05-03 18:19:45.367', '写入测试消息', 't', 0, 0, 'message.write', '写入测试消息', 'system', 'system');
INSERT INTO "oauth2_scope" ("scope_id", "create_time", "ranking", "update_time", "description", "is_reserved", "reversion", "status", "scope_code", "scope_name", "create_by", "update_by") VALUES ('bfc6105d9f0285e9550ef7aade04a2d3', '2022-04-01 22:07:23', 3, '2023-05-03 18:19:59.861', '获取用户信息', 't', 0, 0, 'read-user-by-page', '获取用户信息', NULL, 'system');
INSERT INTO "oauth2_scope" ("scope_id", "create_time", "ranking", "update_time", "description", "is_reserved", "reversion", "status", "scope_code", "scope_name", "create_by", "update_by") VALUES ('c2061315-e25e-4a85-9473-e8dc45955b66', '2023-05-03 18:19:14.501', 4, '2023-05-03 18:23:38.998', '读取测试消息', 't', 0, 0, 'message.read', '读取测试消息', 'system', 'system');


-- ----------------------------
-- Table data for oauth2_application_scope
-- ----------------------------
INSERT INTO "oauth2_application_scope" ("application_id", "scope_id") VALUES ('dfe3e7bc-22e9-443f-a874-947494e20174', 'bfc6105d9f0285e9550ef7aade04a2d3');
INSERT INTO "oauth2_application_scope" ("application_id", "scope_id") VALUES ('dfe3e7bc-22e9-443f-a874-947494e20174', 'bd344a2e-47d6-4b45-b77f-50ca8623f09f');
INSERT INTO "oauth2_application_scope" ("application_id", "scope_id") VALUES ('422baa83-505c-436f-87b5-2a599e6d2d28', 'bfc6105d9f0285e9550ef7aade04a2d3');
INSERT INTO "oauth2_application_scope" ("application_id", "scope_id") VALUES ('422baa83-505c-436f-87b5-2a599e6d2d28', 'bd344a2e-47d6-4b45-b77f-50ca8623f09f');
INSERT INTO "oauth2_application_scope" ("application_id", "scope_id") VALUES ('dfe3e7bc-22e9-443f-a874-947494e20174', '725e5456-25fa-4d47-a8fc-eaff5770200e');
INSERT INTO "oauth2_application_scope" ("application_id", "scope_id") VALUES ('c2273230-21e4-49ed-ab8a-db2d357a897e', 'bd344a2e-47d6-4b45-b77f-50ca8623f09f');
INSERT INTO "oauth2_application_scope" ("application_id", "scope_id") VALUES ('7a5e1219-9f80-4142-897b-e3bda6135525', 'a9c5c99a-dd59-4d77-b36d-740979f33719');
INSERT INTO "oauth2_application_scope" ("application_id", "scope_id") VALUES ('7a5e1219-9f80-4142-897b-e3bda6135525', 'c2061315-e25e-4a85-9473-e8dc45955b66');
INSERT INTO "oauth2_application_scope" ("application_id", "scope_id") VALUES ('c2273230-21e4-49ed-ab8a-db2d357a897e', 'c2061315-e25e-4a85-9473-e8dc45955b66');
INSERT INTO "oauth2_application_scope" ("application_id", "scope_id") VALUES ('c2273230-21e4-49ed-ab8a-db2d357a897e', 'a9c5c99a-dd59-4d77-b36d-740979f33719');
INSERT INTO "oauth2_application_scope" ("application_id", "scope_id") VALUES ('c2273230-21e4-49ed-ab8a-db2d357a897e', '63dcc6d1-462e-4e7a-b9c1-70d15a747e63');
INSERT INTO "oauth2_application_scope" ("application_id", "scope_id") VALUES ('dfe3e7bc-22e9-443f-a874-947494e20174', '3b959f84-67ca-434c-907f-db1ab5456ffe');
INSERT INTO "oauth2_application_scope" ("application_id", "scope_id") VALUES ('dfe3e7bc-22e9-443f-a874-947494e20174', '63dcc6d1-462e-4e7a-b9c1-70d15a747e63');
INSERT INTO "oauth2_application_scope" ("application_id", "scope_id") VALUES ('422baa83-505c-436f-87b5-2a599e6d2d28', '63dcc6d1-462e-4e7a-b9c1-70d15a747e63');

-- ----------------------------
-- Table data for oauth2_permission
-- ----------------------------
INSERT INTO "oauth2_permission" ("permission_id", "create_time", "ranking", "update_time", "description", "is_reserved", "reversion", "status", "permission_code", "permission_name") VALUES ('3', '2023-03-13 16:48:55.806', 0, '2023-03-13 16:55:10.462', NULL, 'f', 0, 0, 'security:manage', '用户安全管理');

-- ----------------------------
-- Table data for oauth2_scope_permission
-- ----------------------------
INSERT INTO "oauth2_scope_permission" ("scope_id", "permission_id") VALUES ('bfc6105d9f0285e9550ef7aade04a2d3', '3');

-- ----------------------------
-- Table data for sys_user
-- ----------------------------
INSERT INTO "sys_user" ("user_id", "create_time", "ranking", "update_time", "description", "is_reserved", "reversion", "status", "avatar", "email", "nick_name", "password", "phone_number", "user_name", "account_expire_at", "credentials_expire_at") VALUES ('1', '2019-07-23 07:19:50', 1, '2019-07-23 07:19:52', '平台管理员', 't', NULL, 0, NULL, NULL, 'Hades', '{bcrypt}$2a$10$q4t3wbkoCVAtCMwVsVFjveLF7O6QScD2/vmqgGbdPuZRw0U1.blhq', NULL, 'system', NULL, NULL);
INSERT INTO "sys_user" ("user_id", "create_time", "ranking", "update_time", "description", "is_reserved", "reversion", "status", "avatar", "email", "nick_name", "password", "phone_number", "user_name", "account_expire_at", "credentials_expire_at") VALUES ('33e781c5-31e0-4ea4-8b02-1236bde96436', '2022-06-24 15:55:15.586', 0, '2022-06-24 15:55:15.586', NULL, 'f', 0, 0, NULL, NULL, 'test', '{bcrypt}$2a$10$q4t3wbkoCVAtCMwVsVFjveLF7O6QScD2/vmqgGbdPuZRw0U1.blhq', NULL, 'test', NULL, NULL);

-- ----------------------------
-- Table data for sys_role
-- ----------------------------
INSERT INTO "sys_role" ("role_id", "create_time", "ranking", "update_time", "description", "is_reserved", "reversion", "status", "role_code", "role_name") VALUES ('1', '2019-07-23 07:22:27', 1, '2019-09-11 12:04:52', '中台管理员角色', 't', 0, 0, 'ROLE_ADMINISTRATOR', '平台管理员角色');
INSERT INTO "sys_role" ("role_id", "create_time", "ranking", "update_time", "description", "is_reserved", "reversion", "status", "role_code", "role_name") VALUES ('7e43d37d-d045-445f-a1de-cb1259f7709c', '2022-07-18 20:27:46.536', 0, '2022-07-18 20:27:46.536', '人力资源管理角色', 't', 0, 0, 'ROLE_HUMAN_RESOURCES', '人力资源管理');
INSERT INTO "sys_role" ("role_id", "create_time", "ranking", "update_time", "description", "is_reserved", "reversion", "status", "role_code", "role_name") VALUES ('faccc981-7cd4-4333-9ef9-93752eb186bd', '2023-02-27 21:54:33.723', 0, '2023-02-27 21:54:33', '一般用户角色', 't', 0, 0, 'ROLE_NORMAL', '普通用户角色');

-- ----------------------------
-- Table data for sys_permission
-- ----------------------------
INSERT INTO "sys_permission" ("permission_id", "create_time", "ranking", "update_time", "description", "is_reserved", "reversion", "status", "permission_code", "permission_name") VALUES ('1', '2023-03-08 00:03:35.765', 1, '2023-03-08 00:03:35.765', '所有角色用户都需要用到的权限', 't', 0, 0, 'general', '通用基础权限');
INSERT INTO "sys_permission" ("permission_id", "create_time", "ranking", "update_time", "description", "is_reserved", "reversion", "status", "permission_code", "permission_name") VALUES ('2', '2023-03-08 00:03:35.765', 2, '2023-03-08 00:03:35.765', '平台认证管理相关全部权限，当前为全部权限可结合实际调整细化', 't', 0, 0, 'authentication:manage', '平台认证管理');
INSERT INTO "sys_permission" ("permission_id", "create_time", "ranking", "update_time", "description", "is_reserved", "reversion", "status", "permission_code", "permission_name") VALUES ('3', '2023-03-08 00:03:35.765', 3, '2023-03-08 00:03:35.765', '用户安全管理相关全部权限，当前为全部权限可结合实际调整细化', 't', 0, 0, 'security:manage', '用户安全管理');
INSERT INTO "sys_permission" ("permission_id", "create_time", "ranking", "update_time", "description", "is_reserved", "reversion", "status", "permission_code", "permission_name") VALUES ('4', '2023-03-08 00:03:35.765', 4, '2023-03-08 00:03:35.765', '人力资源管理相关全部权限，当前为全部权限可结合实际调整细化', 't', 0, 0, 'hr:manage', '人力资源管理');
INSERT INTO "sys_permission" ("permission_id", "create_time", "ranking", "update_time", "description", "is_reserved", "reversion", "status", "permission_code", "permission_name") VALUES ('5', '2023-03-08 00:03:35.765', 5, '2023-03-08 00:03:35.765', '工作流等管理相关全部权限，当前为全部权限可结合实际调整细化', 't', 0, 0, 'workflow:manage', '工作流程管理');
INSERT INTO "sys_permission" ("permission_id", "create_time", "ranking", "update_time", "description", "is_reserved", "reversion", "status", "permission_code", "permission_name") VALUES ('6', '2023-03-08 00:03:35.765', 6, '2023-03-08 00:03:35.765', '运维配置管理相关全部权限，当前为全部权限可结合实际调整细化', 't', 0, 0, 'cmdb:manage', '运维配置应用');
INSERT INTO "sys_permission" ("permission_id", "create_time", "ranking", "update_time", "description", "is_reserved", "reversion", "status", "permission_code", "permission_name") VALUES ('7', '2023-03-08 00:03:35.765', 7, '2023-03-08 00:03:35.765', '外部接入应用相关全部权限，当前为全部权限可结合实际调整细化', 't', 0, 0, 'external:manage', '外部接入应用');

-- ----------------------------
-- Table data for sys_user_role
-- ----------------------------
INSERT INTO "sys_user_role" ("user_id", "role_id") VALUES ('1', '1');
INSERT INTO "sys_user_role" ("user_id", "role_id") VALUES ('33e781c5-31e0-4ea4-8b02-1236bde96436', '7e43d37d-d045-445f-a1de-cb1259f7709c');

-- ----------------------------
-- Table data for sys_role_permission
-- ----------------------------
INSERT INTO "sys_role_permission" ("role_id", "permission_id") VALUES ('1', '1');
INSERT INTO "sys_role_permission" ("role_id", "permission_id") VALUES ('1', '2');
INSERT INTO "sys_role_permission" ("role_id", "permission_id") VALUES ('1', '3');
INSERT INTO "sys_role_permission" ("role_id", "permission_id") VALUES ('1', '4');
INSERT INTO "sys_role_permission" ("role_id", "permission_id") VALUES ('1', '5');
INSERT INTO "sys_role_permission" ("role_id", "permission_id") VALUES ('1', '6');
INSERT INTO "sys_role_permission" ("role_id", "permission_id") VALUES ('1', '7');
INSERT INTO "sys_role_permission" ("role_id", "permission_id") VALUES ('7e43d37d-d045-445f-a1de-cb1259f7709c', '1');
INSERT INTO "sys_role_permission" ("role_id", "permission_id") VALUES ('7e43d37d-d045-445f-a1de-cb1259f7709c', '4');
INSERT INTO "sys_role_permission" ("role_id", "permission_id") VALUES ('faccc981-7cd4-4333-9ef9-93752eb186bd', '1');

-- ----------------------------
-- Table data for sys_default_role
-- ----------------------------
INSERT INTO "sys_default_role" ("default_id", "create_time", "ranking", "update_time", "description", "is_reserved", "reversion", "status", "scene", "role_id") VALUES ('1', '2021-10-12 09:45:33', 1, '2021-10-12 09:45:38', '机构人员', 't', 0, 0, 'INSTITUTION', '1');
INSERT INTO "sys_default_role" ("default_id", "create_time", "ranking", "update_time", "description", "is_reserved", "reversion", "status", "scene", "role_id") VALUES ('2', '2021-10-12 09:45:33', 1, '2021-10-12 09:45:38', '手机验证码', 't', 0, 0, 'SMS', '1');
INSERT INTO "sys_default_role" ("default_id", "create_time", "ranking", "update_time", "description", "is_reserved", "reversion", "status", "scene", "role_id") VALUES ('3', '2021-10-12 09:45:33', 1, '2021-10-12 09:45:38', '微信小程序', 't', 0, 0, 'WXAPP', '1');
INSERT INTO "sys_default_role" ("default_id", "create_time", "ranking", "update_time", "description", "is_reserved", "reversion", "status", "scene", "role_id") VALUES ('4', '2021-10-12 09:45:33', 1, '2021-10-12 09:45:38', 'QQ', 't', 0, 0, 'QQ', '1');
INSERT INTO "sys_default_role" ("default_id", "create_time", "ranking", "update_time", "description", "is_reserved", "reversion", "status", "scene", "role_id") VALUES ('5', '2021-10-12 09:45:33', 1, '2021-10-12 09:45:38', '微博', 't', 0, 0, 'WEIBO', '1');
INSERT INTO "sys_default_role" ("default_id", "create_time", "ranking", "update_time", "description", "is_reserved", "reversion", "status", "scene", "role_id") VALUES ('6', '2021-10-12 09:45:33', 1, '2021-10-12 09:45:38', '百度', 't', 0, 0, 'BAIDU', '1');
INSERT INTO "sys_default_role" ("default_id", "create_time", "ranking", "update_time", "description", "is_reserved", "reversion", "status", "scene", "role_id") VALUES ('7', '2021-10-12 09:45:33', 1, '2021-10-12 09:45:38', '微信开放平台', 't', 0, 0, 'WECHAT_OPEN', '1');
INSERT INTO "sys_default_role" ("default_id", "create_time", "ranking", "update_time", "description", "is_reserved", "reversion", "status", "scene", "role_id") VALUES ('8', '2021-10-12 09:45:33', 1, '2021-10-12 09:45:38', '微信公众号', 't', 0, 0, 'WECHAT_MP', '1');
INSERT INTO "sys_default_role" ("default_id", "create_time", "ranking", "update_time", "description", "is_reserved", "reversion", "status", "scene", "role_id") VALUES ('9', '2021-10-12 09:45:33', 1, '2021-10-12 09:45:38', '企业微信二维码', 't', 0, 0, 'WECHAT_ENTERPRISE', '1');
INSERT INTO "sys_default_role" ("default_id", "create_time", "ranking", "update_time", "description", "is_reserved", "reversion", "status", "scene", "role_id") VALUES ('10', '2021-10-12 09:45:33', 1, '2021-10-12 09:45:38', '企业微信网页', 't', 0, 0, 'WECHAT_ENTERPRISE_WEB', '1');
INSERT INTO "sys_default_role" ("default_id", "create_time", "ranking", "update_time", "description", "is_reserved", "reversion", "status", "scene", "role_id") VALUES ('11', '2021-10-12 09:45:33', 1, '2021-10-12 09:45:38', '钉钉', 't', 0, 0, 'DINGTALK', '1');
INSERT INTO "sys_default_role" ("default_id", "create_time", "ranking", "update_time", "description", "is_reserved", "reversion", "status", "scene", "role_id") VALUES ('12', '2021-10-12 09:45:33', 1, '2021-10-12 09:45:38', '钉钉账号', 't', 0, 0, 'DINGTALK_ACCOUNT', '1');
INSERT INTO "sys_default_role" ("default_id", "create_time", "ranking", "update_time", "description", "is_reserved", "reversion", "status", "scene", "role_id") VALUES ('13', '2021-10-12 09:45:33', 1, '2021-10-12 09:45:38', '阿里云', 't', 0, 0, 'ALIYUN', '1');
INSERT INTO "sys_default_role" ("default_id", "create_time", "ranking", "update_time", "description", "is_reserved", "reversion", "status", "scene", "role_id") VALUES ('14', '2021-10-12 09:45:33', 1, '2021-10-12 09:45:38', '淘宝', 't', 0, 0, 'TAOBAO', '1');
INSERT INTO "sys_default_role" ("default_id", "create_time", "ranking", "update_time", "description", "is_reserved", "reversion", "status", "scene", "role_id") VALUES ('15', '2021-10-12 09:45:33', 1, '2021-10-12 09:45:38', '支付宝', 't', 0, 0, 'ALIPAY', '1');
INSERT INTO "sys_default_role" ("default_id", "create_time", "ranking", "update_time", "description", "is_reserved", "reversion", "status", "scene", "role_id") VALUES ('16', '2021-10-12 09:45:33', 1, '2021-10-12 09:45:38', 'Teambition', 't', 0, 0, 'TEAMBITION', '1');
INSERT INTO "sys_default_role" ("default_id", "create_time", "ranking", "update_time", "description", "is_reserved", "reversion", "status", "scene", "role_id") VALUES ('17', '2021-10-12 09:45:33', 1, '2021-10-12 09:45:38', '华为', 't', 0, 0, 'HUAWEI', '1');
INSERT INTO "sys_default_role" ("default_id", "create_time", "ranking", "update_time", "description", "is_reserved", "reversion", "status", "scene", "role_id") VALUES ('18', '2021-10-12 09:45:33', 1, '2021-10-12 09:45:38', '飞书', 't', 0, 0, 'FEISHU', '1');
INSERT INTO "sys_default_role" ("default_id", "create_time", "ranking", "update_time", "description", "is_reserved", "reversion", "status", "scene", "role_id") VALUES ('19', '2021-10-12 09:45:33', 1, '2021-10-12 09:45:38', '京东', 't', 0, 0, 'JD', '1');
INSERT INTO "sys_default_role" ("default_id", "create_time", "ranking", "update_time", "description", "is_reserved", "reversion", "status", "scene", "role_id") VALUES ('20', '2021-10-12 09:45:33', 1, '2021-10-12 09:45:38', '抖音', 't', 0, 0, 'DOUYIN', '1');
INSERT INTO "sys_default_role" ("default_id", "create_time", "ranking", "update_time", "description", "is_reserved", "reversion", "status", "scene", "role_id") VALUES ('21', '2021-10-12 09:45:33', 1, '2021-10-12 09:45:38', '今日头条', 't', 0, 0, 'TOUTIAO', '1');
INSERT INTO "sys_default_role" ("default_id", "create_time", "ranking", "update_time", "description", "is_reserved", "reversion", "status", "scene", "role_id") VALUES ('22', '2021-10-12 09:45:33', 1, '2021-10-12 09:45:38', '小米', 't', 0, 0, 'MI', '1');
INSERT INTO "sys_default_role" ("default_id", "create_time", "ranking", "update_time", "description", "is_reserved", "reversion", "status", "scene", "role_id") VALUES ('23', '2021-10-12 09:45:33', 1, '2021-10-12 09:45:38', '人人', 't', 0, 0, 'RENREN', '1');
INSERT INTO "sys_default_role" ("default_id", "create_time", "ranking", "update_time", "description", "is_reserved", "reversion", "status", "scene", "role_id") VALUES ('24', '2021-10-12 09:45:33', 1, '2021-10-12 09:45:38', '美团', 't', 0, 0, 'MEITUAN', '1');
INSERT INTO "sys_default_role" ("default_id", "create_time", "ranking", "update_time", "description", "is_reserved", "reversion", "status", "scene", "role_id") VALUES ('25', '2021-10-12 09:45:33', 1, '2021-10-12 09:45:38', '饿了么', 't', 0, 0, 'ELEME', '1');
INSERT INTO "sys_default_role" ("default_id", "create_time", "ranking", "update_time", "description", "is_reserved", "reversion", "status", "scene", "role_id") VALUES ('26', '2021-10-12 09:45:33', 1, '2021-10-12 09:45:38', '酷家乐', 't', 0, 0, 'KUJIALE', '1');
INSERT INTO "sys_default_role" ("default_id", "create_time", "ranking", "update_time", "description", "is_reserved", "reversion", "status", "scene", "role_id") VALUES ('27', '2021-10-12 09:45:33', 1, '2021-10-12 09:45:38', '喜马拉雅', 't', 0, 0, 'XMLY', '1');
INSERT INTO "sys_default_role" ("default_id", "create_time", "ranking", "update_time", "description", "is_reserved", "reversion", "status", "scene", "role_id") VALUES ('28', '2021-10-12 09:45:33', 1, '2021-10-12 09:45:38', '码云', 't', 0, 0, 'GITEE', '1');
INSERT INTO "sys_default_role" ("default_id", "create_time", "ranking", "update_time", "description", "is_reserved", "reversion", "status", "scene", "role_id") VALUES ('29', '2021-10-12 09:45:33', 1, '2021-10-12 09:45:38', '开源中国', 't', 0, 0, 'OSCHINA', '1');
INSERT INTO "sys_default_role" ("default_id", "create_time", "ranking", "update_time", "description", "is_reserved", "reversion", "status", "scene", "role_id") VALUES ('30', '2021-10-12 09:45:33', 1, '2021-10-12 09:45:38', 'CSDN', 't', 0, 0, 'CSDN', '1');
INSERT INTO "sys_default_role" ("default_id", "create_time", "ranking", "update_time", "description", "is_reserved", "reversion", "status", "scene", "role_id") VALUES ('31', '2021-10-12 09:45:33', 1, '2021-10-12 09:45:38', 'Github', 't', 0, 0, 'GITHUB', '1');
INSERT INTO "sys_default_role" ("default_id", "create_time", "ranking", "update_time", "description", "is_reserved", "reversion", "status", "scene", "role_id") VALUES ('32', '2021-10-12 09:45:33', 1, '2021-10-12 09:45:38', 'Gitlab', 't', 0, 0, 'GITLAB', '1');
INSERT INTO "sys_default_role" ("default_id", "create_time", "ranking", "update_time", "description", "is_reserved", "reversion", "status", "scene", "role_id") VALUES ('33', '2021-10-12 09:45:33', 1, '2021-10-12 09:45:38', 'Stackoverflow', 't', 0, 0, 'STACK_OVERFLOW', '1');
INSERT INTO "sys_default_role" ("default_id", "create_time", "ranking", "update_time", "description", "is_reserved", "reversion", "status", "scene", "role_id") VALUES ('34', '2021-10-12 09:45:33', 1, '2021-10-12 09:45:38', 'Coding', 't', 0, 0, 'CODING', '1');
INSERT INTO "sys_default_role" ("default_id", "create_time", "ranking", "update_time", "description", "is_reserved", "reversion", "status", "scene", "role_id") VALUES ('35', '2021-10-12 09:45:33', 1, '2021-10-12 09:45:38', '谷歌', 't', 0, 0, 'GOOGLE', '1');
INSERT INTO "sys_default_role" ("default_id", "create_time", "ranking", "update_time", "description", "is_reserved", "reversion", "status", "scene", "role_id") VALUES ('36', '2021-10-12 09:45:33', 1, '2021-10-12 09:45:38', '微软', 't', 0, 0, 'MICROSOFT', '1');
INSERT INTO "sys_default_role" ("default_id", "create_time", "ranking", "update_time", "description", "is_reserved", "reversion", "status", "scene", "role_id") VALUES ('37', '2021-10-12 09:45:33', 1, '2021-10-12 09:45:38', '脸书', 't', 0, 0, 'FACEBOOK', '1');
INSERT INTO "sys_default_role" ("default_id", "create_time", "ranking", "update_time", "description", "is_reserved", "reversion", "status", "scene", "role_id") VALUES ('38', '2021-10-12 09:45:33', 1, '2021-10-12 09:45:38', '领英', 't', 0, 0, 'LINKEDIN', '1');
INSERT INTO "sys_default_role" ("default_id", "create_time", "ranking", "update_time", "description", "is_reserved", "reversion", "status", "scene", "role_id") VALUES ('39', '2021-10-12 09:45:33', 1, '2021-10-12 09:45:38', '推特', 't', 0, 0, 'TWITTER', '1');
INSERT INTO "sys_default_role" ("default_id", "create_time", "ranking", "update_time", "description", "is_reserved", "reversion", "status", "scene", "role_id") VALUES ('40', '2021-10-12 09:45:33', 1, '2021-10-12 09:45:38', '亚马逊', 't', 0, 0, 'AMAZON', '1');
INSERT INTO "sys_default_role" ("default_id", "create_time", "ranking", "update_time", "description", "is_reserved", "reversion", "status", "scene", "role_id") VALUES ('41', '2021-10-12 09:45:33', 1, '2021-10-12 09:45:38', 'Slack', 't', 0, 0, 'SLACK', '1');
INSERT INTO "sys_default_role" ("default_id", "create_time", "ranking", "update_time", "description", "is_reserved", "reversion", "status", "scene", "role_id") VALUES ('42', '2021-10-12 09:45:33', 1, '2021-10-12 09:45:38', 'Line', 't', 0, 0, 'LINE', '1');
INSERT INTO "sys_default_role" ("default_id", "create_time", "ranking", "update_time", "description", "is_reserved", "reversion", "status", "scene", "role_id") VALUES ('43', '2021-10-12 09:45:33', 1, '2021-10-12 09:45:38', 'Okta', 't', 0, 0, 'OKTA', '1');
INSERT INTO "sys_default_role" ("default_id", "create_time", "ranking", "update_time", "description", "is_reserved", "reversion", "status", "scene", "role_id") VALUES ('44', '2021-10-12 09:45:33', 1, '2021-10-12 09:45:38', 'Pinterest', 't', 0, 0, 'PINTEREST', '1');

-- ----------------------------
-- Table data for sys_element
-- ----------------------------
INSERT INTO "sys_element" ("element_id", "create_by", "create_time", "ranking", "update_by", "update_time", "description", "is_reserved", "reversion", "status", "component", "detail_content", "have_child", "hide_all_child", "icon", "ignore_auth", "name", "not_keep_alive", "parent_id", "path", "redirect", "title", "type") VALUES ('e6ee0720-adc1-4ccf-99c5-2974b3c5dd22', NULL, '2022-07-16 21:43:14.156', 3, NULL, '2022-07-16 21:43:14', NULL, 't', 0, 0, 'views/layouts/Index.vue', 'f', 't', 'f', 'mdi-lock-pattern', 'f', NULL, 't', NULL, '/security', '/security/user', '用户安全管理', NULL);
INSERT INTO "sys_element" ("element_id", "create_by", "create_time", "ranking", "update_by", "update_time", "description", "is_reserved", "reversion", "status", "component", "detail_content", "have_child", "hide_all_child", "icon", "ignore_auth", "name", "not_keep_alive", "parent_id", "path", "redirect", "title", "type") VALUES ('41ec5b56-32d7-4029-8218-9c9bac6faa16', NULL, '2022-07-16 22:49:43.981', 1, NULL, '2022-07-16 22:49:43', NULL, 't', 0, 0, 'views/pages/authorize/application/Index.vue', 'f', 't', 't', 'mdi-apps', 'f', 'OAuth2Application', 't', '2f2a5b9a-b7ac-438d-bcb0-f69b75bd009c', '/authorize/application', NULL, '应用管理', NULL);
INSERT INTO "sys_element" ("element_id", "create_by", "create_time", "ranking", "update_by", "update_time", "description", "is_reserved", "reversion", "status", "component", "detail_content", "have_child", "hide_all_child", "icon", "ignore_auth", "name", "not_keep_alive", "parent_id", "path", "redirect", "title", "type") VALUES ('4ec4ed5e-d815-4318-937a-12d567957237', NULL, '2022-07-16 21:59:25.943', 1, NULL, '2022-07-16 21:59:25', NULL, 't', 0, 0, 'views/pages/security/user/Index.vue', 'f', 't', 't', 'mdi-badge-account-horizontal', 'f', 'SysUser', 't', 'e6ee0720-adc1-4ccf-99c5-2974b3c5dd22', '/security/user', NULL, '用户管理', NULL);
INSERT INTO "sys_element" ("element_id", "create_by", "create_time", "ranking", "update_by", "update_time", "description", "is_reserved", "reversion", "status", "component", "detail_content", "have_child", "hide_all_child", "icon", "ignore_auth", "name", "not_keep_alive", "parent_id", "path", "redirect", "title", "type") VALUES ('19e8d4f4-66ef-4407-b090-dad1220ea2c3', NULL, '2022-07-16 22:45:57.764', 4, NULL, '2022-07-16 22:45:57', NULL, 't', 0, 0, 'views/pages/hr/ownership/Index.vue', 'f', 't', 't', 'mdi-account-switch', 'f', 'SysOwnership', 't', '5fc067b0-8acc-48be-8334-d773cc649e88', '/hr/ownership', NULL, '人员归属', NULL);
INSERT INTO "sys_element" ("element_id", "create_by", "create_time", "ranking", "update_by", "update_time", "description", "is_reserved", "reversion", "status", "component", "detail_content", "have_child", "hide_all_child", "icon", "ignore_auth", "name", "not_keep_alive", "parent_id", "path", "redirect", "title", "type") VALUES ('2de6fcfe-12e6-4e6a-b772-b8dd728a7da0', NULL, '2022-07-16 22:06:02.03', 0, NULL, '2022-07-16 22:06:02', NULL, 't', 0, 0, 'views/pages/security/user/Authorize.vue', 't', 'f', 'f', 'mdi-badge-account-alert', 'f', 'SysUserAuthorize', 't', '4ec4ed5e-d815-4318-937a-12d567957237', '/security/user/authorize', NULL, '用户角色', NULL);
INSERT INTO "sys_element" ("element_id", "create_by", "create_time", "ranking", "update_by", "update_time", "description", "is_reserved", "reversion", "status", "component", "detail_content", "have_child", "hide_all_child", "icon", "ignore_auth", "name", "not_keep_alive", "parent_id", "path", "redirect", "title", "type") VALUES ('10eae473-87c5-4012-8078-8cd3c8d68c33', NULL, '2022-07-16 22:43:51.89', 3, NULL, '2022-07-16 22:43:51.89', NULL, 't', 0, 0, 'views/pages/hr/employee/Index.vue', 'f', 't', 't', 'mdi-card-account-details-star', 'f', 'SysEmployee', 't', '5fc067b0-8acc-48be-8334-d773cc649e88', '/hr/employee', NULL, '人员管理', NULL);
INSERT INTO "sys_element" ("element_id", "create_by", "create_time", "ranking", "update_by", "update_time", "description", "is_reserved", "reversion", "status", "component", "detail_content", "have_child", "hide_all_child", "icon", "ignore_auth", "name", "not_keep_alive", "parent_id", "path", "redirect", "title", "type") VALUES ('118b6d69-1c5c-433c-8316-b65a9e263e45', NULL, '2022-07-16 22:30:40.258', 6, NULL, '2022-07-16 22:30:40.258', NULL, 't', 0, 0, 'views/pages/security/element/Index.vue', 'f', 't', 't', 'mdi-clipboard-text', 'f', 'SysElement', 't', 'e6ee0720-adc1-4ccf-99c5-2974b3c5dd22', '/security/element', NULL, '菜单管理', NULL);
INSERT INTO "sys_element" ("element_id", "create_by", "create_time", "ranking", "update_by", "update_time", "description", "is_reserved", "reversion", "status", "component", "detail_content", "have_child", "hide_all_child", "icon", "ignore_auth", "name", "not_keep_alive", "parent_id", "path", "redirect", "title", "type") VALUES ('b14afb51-60a7-476d-bf45-57603d79f0db', NULL, '2022-07-16 22:57:21.513', 4, NULL, '2022-07-16 22:57:21', NULL, 't', 0, 0, 'views/pages/authorize/compliance/Index.vue', 'f', 'f', 'f', 'mdi-receipt-text-check', 'f', 'OAuth2Compliance', 't', '2f2a5b9a-b7ac-438d-bcb0-f69b75bd009c', '/authorize/compliance', NULL, '日志审计', NULL);
INSERT INTO "sys_element" ("element_id", "create_by", "create_time", "ranking", "update_by", "update_time", "description", "is_reserved", "reversion", "status", "component", "detail_content", "have_child", "hide_all_child", "icon", "ignore_auth", "name", "not_keep_alive", "parent_id", "path", "redirect", "title", "type") VALUES ('b2e3f395-a861-46b8-a00b-96102eaa3f7c', NULL, '2022-07-16 22:53:22.541', 2, NULL, '2022-07-16 22:53:22', NULL, 't', 0, 0, 'views/pages/authorize/scope/Index.vue', 'f', 't', 't', 'mdi-group', 'f', 'OAuth2Scope', 't', '2f2a5b9a-b7ac-438d-bcb0-f69b75bd009c', '/authorize/scope', NULL, '范围管理', NULL);
INSERT INTO "sys_element" ("element_id", "create_by", "create_time", "ranking", "update_by", "update_time", "description", "is_reserved", "reversion", "status", "component", "detail_content", "have_child", "hide_all_child", "icon", "ignore_auth", "name", "not_keep_alive", "parent_id", "path", "redirect", "title", "type") VALUES ('e96985c2-94a5-4e11-a3ab-a71a3b4d7027', NULL, '2022-07-16 22:51:04.542', 0, NULL, '2022-07-16 22:51:04', NULL, 't', 0, 0, 'views/pages/authorize/application/Content.vue', 't', 'f', 'f', 'mdi-application-edit', 'f', 'OAuth2ApplicationContent', 't', '41ec5b56-32d7-4029-8218-9c9bac6faa16', '/authorize/application/content', NULL, '应用详情', NULL);
INSERT INTO "sys_element" ("element_id", "create_by", "create_time", "ranking", "update_by", "update_time", "description", "is_reserved", "reversion", "status", "component", "detail_content", "have_child", "hide_all_child", "icon", "ignore_auth", "name", "not_keep_alive", "parent_id", "path", "redirect", "title", "type") VALUES ('111b4ed4-d0a6-4837-9e25-c081092970f6', NULL, '2022-07-16 22:37:29.561', 1, NULL, '2022-07-16 22:37:29', NULL, 't', 0, 0, 'views/pages/hr/organization/Index.vue', 'f', 't', 't', 'mdi-bank-outline', 'f', 'SysOrganization', 't', '5fc067b0-8acc-48be-8334-d773cc649e88', '/hr/organization', NULL, '单位管理', NULL);
INSERT INTO "sys_element" ("element_id", "create_by", "create_time", "ranking", "update_by", "update_time", "description", "is_reserved", "reversion", "status", "component", "detail_content", "have_child", "hide_all_child", "icon", "ignore_auth", "name", "not_keep_alive", "parent_id", "path", "redirect", "title", "type") VALUES ('98860f95-794b-4882-8e74-6c729e1ad95b', NULL, '2022-07-16 22:56:24.016', 3, NULL, '2022-07-16 22:56:24', NULL, 't', 0, 0, 'views/pages/authorize/token/Index.vue', 'f', 'f', 'f', 'mdi-sitemap', 'f', 'OAuth2Token', 't', '2f2a5b9a-b7ac-438d-bcb0-f69b75bd009c', '/authorize/token', NULL, '凭证管理', NULL);
INSERT INTO "sys_element" ("element_id", "create_by", "create_time", "ranking", "update_by", "update_time", "description", "is_reserved", "reversion", "status", "component", "detail_content", "have_child", "hide_all_child", "icon", "ignore_auth", "name", "not_keep_alive", "parent_id", "path", "redirect", "title", "type") VALUES ('24fd94d8-6956-4ad7-ac8f-3bc6daf609a7', NULL, '2022-07-16 22:54:31.827', 0, NULL, '2022-07-16 22:54:31', NULL, 't', 0, 0, 'views/pages/authorize/scope/Content.vue', 't', 'f', 'f', 'mdi-vector-link', 'f', 'OAuth2ScopeContent', 't', 'b2e3f395-a861-46b8-a00b-96102eaa3f7c', '/authorize/scope/content', NULL, '范围详情', NULL);
INSERT INTO "sys_element" ("element_id", "create_by", "create_time", "ranking", "update_by", "update_time", "description", "is_reserved", "reversion", "status", "component", "detail_content", "have_child", "hide_all_child", "icon", "ignore_auth", "name", "not_keep_alive", "parent_id", "path", "redirect", "title", "type") VALUES ('53b2fc4f-8681-47f3-8739-409265add9fc', NULL, '2022-07-16 22:42:31.936', 0, NULL, '2022-07-16 22:42:31', NULL, 't', 0, 0, 'views/pages/hr/department/Content.vue', 't', 'f', 'f', 'mdi-home-edit', 'f', 'SysDepartmentContent', 't', '364f8273-e51a-486d-b53e-8e6b9f648c2c', '/hr/department/content', NULL, '部门详情', NULL);
INSERT INTO "sys_element" ("element_id", "create_by", "create_time", "ranking", "update_by", "update_time", "description", "is_reserved", "reversion", "status", "component", "detail_content", "have_child", "hide_all_child", "icon", "ignore_auth", "name", "not_keep_alive", "parent_id", "path", "redirect", "title", "type") VALUES ('ddc98314-5b84-4471-9dd1-733103321504', NULL, '2022-07-16 22:44:37.69', 0, NULL, '2022-07-16 22:44:37', NULL, 't', 0, 0, 'views/pages/hr/employee/Content.vue', 't', 'f', 'f', 'mdi-card-account-details', 'f', 'SysEmployeeContent', 't', '10eae473-87c5-4012-8078-8cd3c8d68c33', '/hr/employee/content', NULL, '人员详情', NULL);
INSERT INTO "sys_element" ("element_id", "create_by", "create_time", "ranking", "update_by", "update_time", "description", "is_reserved", "reversion", "status", "component", "detail_content", "have_child", "hide_all_child", "icon", "ignore_auth", "name", "not_keep_alive", "parent_id", "path", "redirect", "title", "type") VALUES ('66a8b97c-9aa7-423d-a106-d19e209bdc7b', NULL, '2022-07-16 22:38:38.018', 0, NULL, '2022-07-16 22:38:38', NULL, 't', 0, 0, 'views/pages/hr/organization/Content.vue', 't', 'f', 'f', 'mdi-bank-check', 'f', 'SysOrganizationContent', 't', '111b4ed4-d0a6-4837-9e25-c081092970f6', '/hr/organization/content', NULL, '单位详情', NULL);
INSERT INTO "sys_element" ("element_id", "create_by", "create_time", "ranking", "update_by", "update_time", "description", "is_reserved", "reversion", "status", "component", "detail_content", "have_child", "hide_all_child", "icon", "ignore_auth", "name", "not_keep_alive", "parent_id", "path", "redirect", "title", "type") VALUES ('147bec55-b50a-472b-b109-7912f0d9773a', NULL, '2022-07-16 22:02:28.563', 0, NULL, '2022-07-16 22:02:28', NULL, 't', 0, 0, 'views/pages/security/user/Content.vue', 't', 'f', 'f', 'mdi-clipboard-account', 'f', 'SysUserContent', 't', '4ec4ed5e-d815-4318-937a-12d567957237', '/security/user/content', NULL, '用户详情', NULL);
INSERT INTO "sys_element" ("element_id", "create_by", "create_time", "ranking", "update_by", "update_time", "description", "is_reserved", "reversion", "status", "component", "detail_content", "have_child", "hide_all_child", "icon", "ignore_auth", "name", "not_keep_alive", "parent_id", "path", "redirect", "title", "type") VALUES ('19a3864e-ebd3-474f-be02-9dc2c27c6614', NULL, '2022-07-16 22:27:41.408', 0, NULL, '2022-07-16 22:27:41', NULL, 't', 0, 0, 'views/pages/security/default-role/Authorize.vue', 't', 'f', 'f', 'mdi-lock-open-check', 'f', 'SysDefaultRoleAuthorize', 't', '23b4367a-dd41-484b-9078-e07caf9d8ec0', '/security/default-role/authorize', NULL, '角色配置', NULL);
INSERT INTO "sys_element" ("element_id", "create_by", "create_time", "ranking", "update_by", "update_time", "description", "is_reserved", "reversion", "status", "component", "detail_content", "have_child", "hide_all_child", "icon", "ignore_auth", "name", "not_keep_alive", "parent_id", "path", "redirect", "title", "type") VALUES ('2458dd66-9af9-4bae-babc-e4b988e4b4dd', NULL, '2022-07-16 22:31:57.556', 0, NULL, '2022-07-16 22:31:57', NULL, 't', 0, 0, 'views/pages/security/element/Content.vue', 't', 'f', 'f', 'mdi-clipboard-text-multiple', 'f', 'SysElementContent', 't', '118b6d69-1c5c-433c-8316-b65a9e263e45', '/security/element/content', NULL, '菜单详情', NULL);
INSERT INTO "sys_element" ("element_id", "create_by", "create_time", "ranking", "update_by", "update_time", "description", "is_reserved", "reversion", "status", "component", "detail_content", "have_child", "hide_all_child", "icon", "ignore_auth", "name", "not_keep_alive", "parent_id", "path", "redirect", "title", "type") VALUES ('9b26ec0d-4111-4a55-9a99-64e6a2dc5afe', NULL, '2022-07-16 22:23:59.842', 0, NULL, '2022-07-16 22:23:59', NULL, 't', 0, 0, 'views/pages/security/role/Authorize.vue', 't', 'f', 'f', 'mdi-shield-key', 'f', 'SysRoleAuthorize', 't', '6ebecd40-6fca-413d-adb4-a2e416d0c8ee', '/security/role/authorize', NULL, '角色权限', NULL);
INSERT INTO "sys_element" ("element_id", "create_by", "create_time", "ranking", "update_by", "update_time", "description", "is_reserved", "reversion", "status", "component", "detail_content", "have_child", "hide_all_child", "icon", "ignore_auth", "name", "not_keep_alive", "parent_id", "path", "redirect", "title", "type") VALUES ('e9831f7d-89ee-44dc-bf19-7e00e51b9879', NULL, '2022-07-16 22:22:48.381', 0, NULL, '2022-07-16 22:22:48', NULL, 't', 0, 0, 'views/pages/security/role/Content.vue', 't', 'f', 'f', 'mdi-shield-edit', 'f', 'SysRoleContent', 't', '6ebecd40-6fca-413d-adb4-a2e416d0c8ee', '/security/role/content', NULL, '角色详情', NULL);
INSERT INTO "sys_element" ("element_id", "create_by", "create_time", "ranking", "update_by", "update_time", "description", "is_reserved", "reversion", "status", "component", "detail_content", "have_child", "hide_all_child", "icon", "ignore_auth", "name", "not_keep_alive", "parent_id", "path", "redirect", "title", "type") VALUES ('5cbdef3d-4ad6-4867-b1ea-401c3fc1d587', NULL, '2022-07-16 22:32:45.894', 0, NULL, '2022-07-16 22:32:45', NULL, 't', 0, 0, 'views/pages/security/element/Authorize.vue', 't', 'f', 'f', 'mdi-sort-variant-lock', 'f', 'SysElementAuthorize', 't', '118b6d69-1c5c-433c-8316-b65a9e263e45', '/security/element/authorize', NULL, '菜单权限', NULL);
INSERT INTO "sys_element" ("element_id", "create_by", "create_time", "ranking", "update_by", "update_time", "description", "is_reserved", "reversion", "status", "component", "detail_content", "have_child", "hide_all_child", "icon", "ignore_auth", "name", "not_keep_alive", "parent_id", "path", "redirect", "title", "type") VALUES ('2f2a5b9a-b7ac-438d-bcb0-f69b75bd009c', NULL, '2022-07-16 22:48:29.733', 2, NULL, '2022-07-16 22:48:29', NULL, 't', 0, 0, 'views/layouts/Index.vue', 'f', 't', 'f', 'mdi-security', 'f', NULL, 't', NULL, '/authorize', '/authorize/application', '平台认证管理', NULL);
INSERT INTO "sys_element" ("element_id", "create_by", "create_time", "ranking", "update_by", "update_time", "description", "is_reserved", "reversion", "status", "component", "detail_content", "have_child", "hide_all_child", "icon", "ignore_auth", "name", "not_keep_alive", "parent_id", "path", "redirect", "title", "type") VALUES ('c21db958-7eab-4dbc-8061-966294684219', NULL, '2022-07-16 22:58:47.236', 1, NULL, '2022-07-16 22:58:47.236', NULL, 't', 0, 0, 'views/layouts/Index.vue', 'f', 't', 'f', 'mdi-view-dashboard', 'f', NULL, 't', NULL, '/dashboard', '/dashboard/console', 'Dashboard', NULL);
INSERT INTO "sys_element" ("element_id", "create_by", "create_time", "ranking", "update_by", "update_time", "description", "is_reserved", "reversion", "status", "component", "detail_content", "have_child", "hide_all_child", "icon", "ignore_auth", "name", "not_keep_alive", "parent_id", "path", "redirect", "title", "type") VALUES ('5fc067b0-8acc-48be-8334-d773cc649e88', NULL, '2022-07-16 22:36:31.755', 4, NULL, '2022-07-16 22:36:31.755', NULL, 't', 0, 0, 'views/layouts/Index.vue', 'f', 't', 'f', 'mdi-account-tie', 'f', NULL, 't', NULL, '/hr', '/hr/organization', '人力资源管理', NULL);
INSERT INTO "sys_element" ("element_id", "create_by", "create_time", "ranking", "update_by", "update_time", "description", "is_reserved", "reversion", "status", "component", "detail_content", "have_child", "hide_all_child", "icon", "ignore_auth", "name", "not_keep_alive", "parent_id", "path", "redirect", "title", "type") VALUES ('f4224093-4542-4c8b-85d1-3c25f28471df', NULL, '2022-07-16 22:55:21.043', 0, NULL, '2022-07-16 22:55:21', NULL, 't', 0, 0, 'views/pages/authorize/scope/Authorize.vue', 't', 'f', 'f', 'mdi-vector-intersection', 'f', 'OAuth2ScopeAuthorize', 't', 'b2e3f395-a861-46b8-a00b-96102eaa3f7c', '/authorize/scope/authorize', NULL, '范围权限', NULL);
INSERT INTO "sys_element" ("element_id", "create_by", "create_time", "ranking", "update_by", "update_time", "description", "is_reserved", "reversion", "status", "component", "detail_content", "have_child", "hide_all_child", "icon", "ignore_auth", "name", "not_keep_alive", "parent_id", "path", "redirect", "title", "type") VALUES ('ee2a4314-531e-47ef-866b-8e04433bc934', NULL, '2022-07-16 22:46:59.014', 0, NULL, '2022-07-16 22:46:59', NULL, 't', 0, 0, 'views/pages/hr/ownership/Content.vue', 't', 'f', 'f', 'mdi-account-multiple-check-outline', 'f', 'SysOwnershipContent', 't', '19e8d4f4-66ef-4407-b090-dad1220ea2c3', '/hr/ownership/content', NULL, '归属详情', NULL);
INSERT INTO "sys_element" ("element_id", "create_by", "create_time", "ranking", "update_by", "update_time", "description", "is_reserved", "reversion", "status", "component", "detail_content", "have_child", "hide_all_child", "icon", "ignore_auth", "name", "not_keep_alive", "parent_id", "path", "redirect", "title", "type") VALUES ('6de8f002-8e59-42a8-b201-3dba46aa6641', NULL, '2022-07-16 22:33:50.326', 4, NULL, '2022-07-16 22:33:50', NULL, 't', 0, 0, 'views/pages/security/attribute/Index.vue', 'f', 't', 't', 'mdi-layers-triple', 'f', 'SysAttribute', 't', 'e6ee0720-adc1-4ccf-99c5-2974b3c5dd22', '/security/attribute', NULL, '元数据管理', NULL);
INSERT INTO "sys_element" ("element_id", "create_by", "create_time", "ranking", "update_by", "update_time", "description", "is_reserved", "reversion", "status", "component", "detail_content", "have_child", "hide_all_child", "icon", "ignore_auth", "name", "not_keep_alive", "parent_id", "path", "redirect", "title", "type") VALUES ('32b43adf-1db4-4ac9-b996-15cfee008489', NULL, '2022-07-16 22:34:37.542', 0, NULL, '2022-07-16 22:34:37', NULL, 't', 0, 0, 'views/pages/security/attribute/Content.vue', 't', 'f', 'f', 'mdi-layers', 'f', 'SysAttributeContent', 't', '6de8f002-8e59-42a8-b201-3dba46aa6641', '/security/attribute/content', NULL, '权限配置', NULL);
INSERT INTO "sys_element" ("element_id", "create_by", "create_time", "ranking", "update_by", "update_time", "description", "is_reserved", "reversion", "status", "component", "detail_content", "have_child", "hide_all_child", "icon", "ignore_auth", "name", "not_keep_alive", "parent_id", "path", "redirect", "title", "type") VALUES ('d319b130-9be4-46f4-bf56-97f14fb05260', NULL, '2022-07-19 16:19:19.649', 5, NULL, '2022-07-19 16:19:19.649', NULL, 't', 0, 0, 'views/layouts/Index.vue', 'f', 't', 'f', 'mdi-transit-connection-variant', 'f', NULL, 't', NULL, '/workflow', '/workflow/deployment', '工作流程管理', NULL);
INSERT INTO "sys_element" ("element_id", "create_by", "create_time", "ranking", "update_by", "update_time", "description", "is_reserved", "reversion", "status", "component", "detail_content", "have_child", "hide_all_child", "icon", "ignore_auth", "name", "not_keep_alive", "parent_id", "path", "redirect", "title", "type") VALUES ('364f8273-e51a-486d-b53e-8e6b9f648c2c', NULL, '2022-07-17 15:18:48.564', 2, NULL, '2022-07-17 15:18:48', NULL, 't', 0, 0, 'views/pages/hr/department/Index.vue', 'f', 't', 't', 'mdi-home', 'f', 'SysDepartment', 't', '5fc067b0-8acc-48be-8334-d773cc649e88', '/hr/department', NULL, '部门管理', NULL);
INSERT INTO "sys_element" ("element_id", "create_by", "create_time", "ranking", "update_by", "update_time", "description", "is_reserved", "reversion", "status", "component", "detail_content", "have_child", "hide_all_child", "icon", "ignore_auth", "name", "not_keep_alive", "parent_id", "path", "redirect", "title", "type") VALUES ('6ebecd40-6fca-413d-adb4-a2e416d0c8ee', NULL, '2022-07-16 22:07:42.186', 2, NULL, '2022-07-16 22:07:42', NULL, 't', 0, 0, 'views/pages/security/role/Index.vue', 'f', 't', 't', 'mdi-shield-account', 'f', 'SysRole', 't', 'e6ee0720-adc1-4ccf-99c5-2974b3c5dd22', '/security/role', NULL, '角色管理', NULL);
INSERT INTO "sys_element" ("element_id", "create_by", "create_time", "ranking", "update_by", "update_time", "description", "is_reserved", "reversion", "status", "component", "detail_content", "have_child", "hide_all_child", "icon", "ignore_auth", "name", "not_keep_alive", "parent_id", "path", "redirect", "title", "type") VALUES ('b3e3cc74-a8cc-471a-b6be-6802d5b82a6a', NULL, '2022-07-19 16:21:00.126', 1, NULL, '2022-07-19 16:21:00', NULL, 't', 0, 0, 'views/pages/workflow/deployment/Index.vue', 'f', 't', 't', 'mdi-cloud-braces', 'f', 'WorkflowDeployment', 't', 'd319b130-9be4-46f4-bf56-97f14fb05260', '/workflow/deployment', NULL, '流程部署管理', NULL);
INSERT INTO "sys_element" ("element_id", "create_by", "create_time", "ranking", "update_by", "update_time", "description", "is_reserved", "reversion", "status", "component", "detail_content", "have_child", "hide_all_child", "icon", "ignore_auth", "name", "not_keep_alive", "parent_id", "path", "redirect", "title", "type") VALUES ('4dcb04f5-bb64-470c-b6ff-52dd6f19bba0', NULL, '2023-01-07 22:11:18.672', 2, NULL, '2023-01-07 22:11:18', NULL, 't', 0, 0, 'views/pages/workflow/process-definition/Index.vue', 'f', 't', 't', 'mdi-xml', 'f', 'WorkflowProcessDefinition', 't', 'd319b130-9be4-46f4-bf56-97f14fb05260', '/workflow/process-definition', NULL, '流程定义管理', NULL);
INSERT INTO "sys_element" ("element_id", "create_by", "create_time", "ranking", "update_by", "update_time", "description", "is_reserved", "reversion", "status", "component", "detail_content", "have_child", "hide_all_child", "icon", "ignore_auth", "name", "not_keep_alive", "parent_id", "path", "redirect", "title", "type") VALUES ('3b83534e-016f-4e22-9553-5d8b96f29146', NULL, '2023-01-08 15:02:04.837', 3, NULL, '2023-01-08 15:02:04', NULL, 't', 0, 0, 'views/pages/workflow/process-instance/Index.vue', 'f', 'f', 't', 'mdi-motion-play', 'f', 'WorkflowProcessInstance', 't', 'd319b130-9be4-46f4-bf56-97f14fb05260', '/workflow/process-instance', NULL, '流程实例管理', NULL);
INSERT INTO "sys_element" ("element_id", "create_by", "create_time", "ranking", "update_by", "update_time", "description", "is_reserved", "reversion", "status", "component", "detail_content", "have_child", "hide_all_child", "icon", "ignore_auth", "name", "not_keep_alive", "parent_id", "path", "redirect", "title", "type") VALUES ('9f064902-162a-408f-bd3e-866b03c9dae1', NULL, '2022-07-16 22:59:57.497', 0, NULL, '2022-07-16 22:59:57', NULL, 't', 0, 0, 'views/dashboard/console/Index.vue', 'f', 'f', 'f', 'mdi-sign-text', 'f', 'DashboardConsole', 'f', 'c21db958-7eab-4dbc-8061-966294684219', '/dashboard/console', NULL, '主控台', NULL);
INSERT INTO "sys_element" ("element_id", "create_by", "create_time", "ranking", "update_by", "update_time", "description", "is_reserved", "reversion", "status", "component", "detail_content", "have_child", "hide_all_child", "icon", "ignore_auth", "name", "not_keep_alive", "parent_id", "path", "redirect", "title", "type") VALUES ('0f9aa3b0-c164-4a61-ae31-5fd73274ce53', NULL, '2023-01-22 13:26:49.837', 2, NULL, '2023-01-22 13:26:49', NULL, 't', 0, 0, 'views/dashboard/workbench/Index.vue', 'f', 't', 't', 'mdi-desktop-classic', 'f', 'DashboardWorkbench', 't', 'c21db958-7eab-4dbc-8061-966294684219', '/dashboard/workbench', NULL, '我的工作台', NULL);
INSERT INTO "sys_element" ("element_id", "create_by", "create_time", "ranking", "update_by", "update_time", "description", "is_reserved", "reversion", "status", "component", "detail_content", "have_child", "hide_all_child", "icon", "ignore_auth", "name", "not_keep_alive", "parent_id", "path", "redirect", "title", "type") VALUES ('312d287f-ee2e-486f-b2e6-88328edb2c75', NULL, '2023-01-19 21:53:08.863', 5, NULL, '2023-01-19 21:53:08', NULL, 't', 0, 0, 'views/pages/workflow/dynamic-form/Index.vue', 'f', 't', 't', 'mdi-monitor-dashboard', 'f', 'WorkflowDynamicForm', 't', 'd319b130-9be4-46f4-bf56-97f14fb05260', '/workflow/dynamic-form', NULL, '动态表单管理', NULL);
INSERT INTO "sys_element" ("element_id", "create_by", "create_time", "ranking", "update_by", "update_time", "description", "is_reserved", "reversion", "status", "component", "detail_content", "have_child", "hide_all_child", "icon", "ignore_auth", "name", "not_keep_alive", "parent_id", "path", "redirect", "title", "type") VALUES ('740a286c-2c53-45a7-9a0f-c9d6a5b5f389', NULL, '2023-02-15 20:46:09.353', 0, NULL, '2023-02-15 20:46:09', NULL, 't', 0, 0, 'views/pages/workflow/process/WorkflowProcessStart.vue', 't', 'f', 'f', 'mdi-flag-plus', 'f', 'WorkflowProcessStart', 't', '0f9aa3b0-c164-4a61-ae31-5fd73274ce53', '/dashboard/workbench/process-start', NULL, '审批流程', NULL);
INSERT INTO "sys_element" ("element_id", "create_by", "create_time", "ranking", "update_by", "update_time", "description", "is_reserved", "reversion", "status", "component", "detail_content", "have_child", "hide_all_child", "icon", "ignore_auth", "name", "not_keep_alive", "parent_id", "path", "redirect", "title", "type") VALUES ('2ca9ed44-ed47-4346-a310-d32375d0d5bf', NULL, '2023-02-27 17:22:39.682', 1, NULL, '2023-02-27 17:22:39', NULL, 't', 0, 0, 'views/pages/workflow/process/WorkflowProcessApprove.vue', 't', 'f', 'f', 'mdi-check-decagram', 'f', 'WorkflowProcessApprove', 't', '0f9aa3b0-c164-4a61-ae31-5fd73274ce53', '/dashboard/workbench/process-approve', NULL, '任务流程', NULL);
INSERT INTO "sys_element" ("element_id", "create_by", "create_time", "ranking", "update_by", "update_time", "description", "is_reserved", "reversion", "status", "component", "detail_content", "have_child", "hide_all_child", "icon", "ignore_auth", "name", "not_keep_alive", "parent_id", "path", "redirect", "title", "type") VALUES ('0f7f0236-da8a-4a7f-8e87-db0275f42836', NULL, '2022-07-16 22:29:06.482', 3, NULL, '2022-07-16 22:29:06', NULL, 't', 0, 0, 'views/pages/security/permission/Index.vue', 'f', 't', 't', 'mdi-shield-link-variant', 'f', 'SysPermission', 't', 'e6ee0720-adc1-4ccf-99c5-2974b3c5dd22', '/security/permission', NULL, '权限管理', NULL);
INSERT INTO "sys_element" ("element_id", "create_by", "create_time", "ranking", "update_by", "update_time", "description", "is_reserved", "reversion", "status", "component", "detail_content", "have_child", "hide_all_child", "icon", "ignore_auth", "name", "not_keep_alive", "parent_id", "path", "redirect", "title", "type") VALUES ('cb426c81-7019-4249-a910-ced0d44ace97', NULL, '2023-03-12 15:49:12.236', 0, NULL, '2023-03-12 15:49:12.236', NULL, 't', 0, 0, 'views/pages/security/permission/Content.vue', 't', 'f', 'f', 'mdi-clipboard-check-multiple', 'f', 'SysPermissionContent', 't', '0f7f0236-da8a-4a7f-8e87-db0275f42836', '/security/permission/content', NULL, '权限详情', NULL);
INSERT INTO "sys_element" ("element_id", "create_by", "create_time", "ranking", "update_by", "update_time", "description", "is_reserved", "reversion", "status", "component", "detail_content", "have_child", "hide_all_child", "icon", "ignore_auth", "name", "not_keep_alive", "parent_id", "path", "redirect", "title", "type") VALUES ('0cf71777-908e-4e88-b7c6-36b75404396e', NULL, '2023-03-12 16:02:52.003', 0, NULL, '2023-03-12 16:02:52.003', NULL, 't', 0, 0, 'views/pages/security/attribute/Authorize.vue', 't', 'f', 'f', 'mdi-layers-edit', 'f', 'SysAttributeAuthorize', 't', '6de8f002-8e59-42a8-b201-3dba46aa6641', '/security/attribute/authorize', NULL, '元数据配置', NULL);
INSERT INTO "sys_element" ("element_id", "create_by", "create_time", "ranking", "update_by", "update_time", "description", "is_reserved", "reversion", "status", "component", "detail_content", "have_child", "hide_all_child", "icon", "ignore_auth", "name", "not_keep_alive", "parent_id", "path", "redirect", "title", "type") VALUES ('df94af5a-4f6f-4bda-a663-dcaaa9731b66', NULL, '2023-03-31 14:24:55.765', 7, NULL, '2023-03-31 14:24:55.765', NULL, 't', 0, 0, 'views/pages/security/tenant/Index.vue', 'f', 't', 't', 'mdi-database-plus', 'f', 'SysTenantDataSource', 't', 'e6ee0720-adc1-4ccf-99c5-2974b3c5dd22', '/security/tenant', NULL, '多租户数据源', NULL);
INSERT INTO "sys_element" ("element_id", "create_by", "create_time", "ranking", "update_by", "update_time", "description", "is_reserved", "reversion", "status", "component", "detail_content", "have_child", "hide_all_child", "icon", "ignore_auth", "name", "not_keep_alive", "parent_id", "path", "redirect", "title", "type") VALUES ('6b8d0925-66d7-4f5d-b3f4-fb9bb4bac670', NULL, '2023-03-31 14:26:35.349', 0, NULL, '2023-03-31 14:26:35', NULL, 't', 0, 0, 'views/pages/security/tenant/Content.vue', 't', 'f', 'f', 'mdi-database-edit', 'f', 'SysTenantDataSourceContent', 't', 'df94af5a-4f6f-4bda-a663-dcaaa9731b66', '/security/tenant/content', NULL, '数据源详情', NULL);
INSERT INTO "sys_element" ("element_id", "create_by", "create_time", "ranking", "update_by", "update_time", "description", "is_reserved", "reversion", "status", "component", "detail_content", "have_child", "hide_all_child", "icon", "ignore_auth", "name", "not_keep_alive", "parent_id", "path", "redirect", "title", "type") VALUES ('23b4367a-dd41-484b-9078-e07caf9d8ec0', NULL, '2022-07-16 22:26:37.924', 5, NULL, '2022-07-16 22:26:37', NULL, 't', 0, 0, 'views/pages/security/default-role/Index.vue', 'f', 't', 't', 'mdi-lock-open-alert', 'f', 'SysDefaultRole', 't', 'e6ee0720-adc1-4ccf-99c5-2974b3c5dd22', '/security/default-role', NULL, '默认角色', NULL);
INSERT INTO "sys_element" ("element_id", "create_time", "ranking", "update_time", "description", "is_reserved", "reversion", "status", "component", "detail_content", "have_child", "hide_all_child", "icon", "ignore_auth", "name", "not_keep_alive", "parent_id", "path", "redirect", "title", "type", "create_by", "update_by") VALUES ('c8ed388a-77e5-4257-93be-6362a3af2e23', '2023-05-24 17:46:30.212', 5, '2023-05-24 17:47:49.783', NULL, 't', 0, 0, 'views/pages/authorize/product/Index.vue', 'f', 't', 't', 'mdi-folder-table', 'f', 'OAuth2Product', 't', '2f2a5b9a-b7ac-438d-bcb0-f69b75bd009c', '/authorize/product', NULL, '产品管理', NULL, 'system', 'system');
INSERT INTO "sys_element" ("element_id", "create_time", "ranking", "update_time", "description", "is_reserved", "reversion", "status", "component", "detail_content", "have_child", "hide_all_child", "icon", "ignore_auth", "name", "not_keep_alive", "parent_id", "path", "redirect", "title", "type", "create_by", "update_by") VALUES ('af9b18f0-fd16-4fd3-a9ee-328c34b6f3d7', '2023-05-24 17:47:25.108', 1, '2023-05-24 17:47:55.885', NULL, 't', 0, 0, 'views/pages/authorize/product/Content.vue', 't', 'f', 'f', 'mdi-folder-text', 'f', 'OAuth2ProductContent', 't', 'c8ed388a-77e5-4257-93be-6362a3af2e23', '/authorize/product/content', NULL, '产品详情', NULL, 'system', 'system');
INSERT INTO "sys_element" ("element_id", "create_time", "ranking", "update_time", "description", "is_reserved", "reversion", "status", "component", "detail_content", "have_child", "hide_all_child", "icon", "ignore_auth", "name", "not_keep_alive", "parent_id", "path", "redirect", "title", "type", "create_by", "update_by") VALUES ('4cfafcff-a7a4-4bdd-b86d-9372f1666d88', '2023-05-24 17:49:12.855', 6, '2023-05-24 17:50:31.431', NULL, 't', 0, 0, 'views/pages/authorize/device/Index.vue', 'f', 't', 't', 'mdi-devices', 'f', 'OAuth2Device', 't', '2f2a5b9a-b7ac-438d-bcb0-f69b75bd009c', '/authorize/device', NULL, '设备管理', NULL, 'system', 'system');
INSERT INTO "sys_element" ("element_id", "create_time", "ranking", "update_time", "description", "is_reserved", "reversion", "status", "component", "detail_content", "have_child", "hide_all_child", "icon", "ignore_auth", "name", "not_keep_alive", "parent_id", "path", "redirect", "title", "type", "create_by", "update_by") VALUES ('3386cbab-7d57-4ae6-97f8-a0fc2d593879', '2023-05-24 17:50:25.477', 1, '2023-05-24 17:50:37.93', NULL, 't', 0, 0, 'views/pages/authorize/device/Content.vue', 't', 'f', 'f', 'mdi-lan-check', 'f', 'OAuth2DeviceContent', 't', '4cfafcff-a7a4-4bdd-b86d-9372f1666d88', '/authorize/device/content', NULL, '设备详情', NULL, 'system', 'system');

-- ----------------------------
-- Table data for sys_element_role
-- ----------------------------
INSERT INTO "sys_element_role" ("element_id", "role_id") VALUES ('e6ee0720-adc1-4ccf-99c5-2974b3c5dd22', '1');
INSERT INTO "sys_element_role" ("element_id", "role_id") VALUES ('2f2a5b9a-b7ac-438d-bcb0-f69b75bd009c', '1');
INSERT INTO "sys_element_role" ("element_id", "role_id") VALUES ('41ec5b56-32d7-4029-8218-9c9bac6faa16', '1');
INSERT INTO "sys_element_role" ("element_id", "role_id") VALUES ('2de6fcfe-12e6-4e6a-b772-b8dd728a7da0', '1');
INSERT INTO "sys_element_role" ("element_id", "role_id") VALUES ('e96985c2-94a5-4e11-a3ab-a71a3b4d7027', '1');
INSERT INTO "sys_element_role" ("element_id", "role_id") VALUES ('147bec55-b50a-472b-b109-7912f0d9773a', '1');
INSERT INTO "sys_element_role" ("element_id", "role_id") VALUES ('b2e3f395-a861-46b8-a00b-96102eaa3f7c', '1');
INSERT INTO "sys_element_role" ("element_id", "role_id") VALUES ('6de8f002-8e59-42a8-b201-3dba46aa6641', '1');
INSERT INTO "sys_element_role" ("element_id", "role_id") VALUES ('e9831f7d-89ee-44dc-bf19-7e00e51b9879', '1');
INSERT INTO "sys_element_role" ("element_id", "role_id") VALUES ('9b26ec0d-4111-4a55-9a99-64e6a2dc5afe', '1');
INSERT INTO "sys_element_role" ("element_id", "role_id") VALUES ('19a3864e-ebd3-474f-be02-9dc2c27c6614', '1');
INSERT INTO "sys_element_role" ("element_id", "role_id") VALUES ('2458dd66-9af9-4bae-babc-e4b988e4b4dd', '1');
INSERT INTO "sys_element_role" ("element_id", "role_id") VALUES ('5cbdef3d-4ad6-4867-b1ea-401c3fc1d587', '1');
INSERT INTO "sys_element_role" ("element_id", "role_id") VALUES ('32b43adf-1db4-4ac9-b996-15cfee008489', '1');
INSERT INTO "sys_element_role" ("element_id", "role_id") VALUES ('24fd94d8-6956-4ad7-ac8f-3bc6daf609a7', '1');
INSERT INTO "sys_element_role" ("element_id", "role_id") VALUES ('f4224093-4542-4c8b-85d1-3c25f28471df', '1');
INSERT INTO "sys_element_role" ("element_id", "role_id") VALUES ('98860f95-794b-4882-8e74-6c729e1ad95b', '1');
INSERT INTO "sys_element_role" ("element_id", "role_id") VALUES ('b14afb51-60a7-476d-bf45-57603d79f0db', '1');
INSERT INTO "sys_element_role" ("element_id", "role_id") VALUES ('0f7f0236-da8a-4a7f-8e87-db0275f42836', '1');
INSERT INTO "sys_element_role" ("element_id", "role_id") VALUES ('23b4367a-dd41-484b-9078-e07caf9d8ec0', '1');
INSERT INTO "sys_element_role" ("element_id", "role_id") VALUES ('118b6d69-1c5c-433c-8316-b65a9e263e45', '1');
INSERT INTO "sys_element_role" ("element_id", "role_id") VALUES ('4ec4ed5e-d815-4318-937a-12d567957237', '1');
INSERT INTO "sys_element_role" ("element_id", "role_id") VALUES ('6ebecd40-6fca-413d-adb4-a2e416d0c8ee', '1');
INSERT INTO "sys_element_role" ("element_id", "role_id") VALUES ('5fc067b0-8acc-48be-8334-d773cc649e88', '7e43d37d-d045-445f-a1de-cb1259f7709c');
INSERT INTO "sys_element_role" ("element_id", "role_id") VALUES ('5fc067b0-8acc-48be-8334-d773cc649e88', '1');
INSERT INTO "sys_element_role" ("element_id", "role_id") VALUES ('364f8273-e51a-486d-b53e-8e6b9f648c2c', '7e43d37d-d045-445f-a1de-cb1259f7709c');
INSERT INTO "sys_element_role" ("element_id", "role_id") VALUES ('364f8273-e51a-486d-b53e-8e6b9f648c2c', '1');
INSERT INTO "sys_element_role" ("element_id", "role_id") VALUES ('53b2fc4f-8681-47f3-8739-409265add9fc', '7e43d37d-d045-445f-a1de-cb1259f7709c');
INSERT INTO "sys_element_role" ("element_id", "role_id") VALUES ('53b2fc4f-8681-47f3-8739-409265add9fc', '1');
INSERT INTO "sys_element_role" ("element_id", "role_id") VALUES ('10eae473-87c5-4012-8078-8cd3c8d68c33', '7e43d37d-d045-445f-a1de-cb1259f7709c');
INSERT INTO "sys_element_role" ("element_id", "role_id") VALUES ('10eae473-87c5-4012-8078-8cd3c8d68c33', '1');
INSERT INTO "sys_element_role" ("element_id", "role_id") VALUES ('ddc98314-5b84-4471-9dd1-733103321504', '7e43d37d-d045-445f-a1de-cb1259f7709c');
INSERT INTO "sys_element_role" ("element_id", "role_id") VALUES ('ddc98314-5b84-4471-9dd1-733103321504', '1');
INSERT INTO "sys_element_role" ("element_id", "role_id") VALUES ('111b4ed4-d0a6-4837-9e25-c081092970f6', '7e43d37d-d045-445f-a1de-cb1259f7709c');
INSERT INTO "sys_element_role" ("element_id", "role_id") VALUES ('111b4ed4-d0a6-4837-9e25-c081092970f6', '1');
INSERT INTO "sys_element_role" ("element_id", "role_id") VALUES ('66a8b97c-9aa7-423d-a106-d19e209bdc7b', '7e43d37d-d045-445f-a1de-cb1259f7709c');
INSERT INTO "sys_element_role" ("element_id", "role_id") VALUES ('66a8b97c-9aa7-423d-a106-d19e209bdc7b', '1');
INSERT INTO "sys_element_role" ("element_id", "role_id") VALUES ('19e8d4f4-66ef-4407-b090-dad1220ea2c3', '7e43d37d-d045-445f-a1de-cb1259f7709c');
INSERT INTO "sys_element_role" ("element_id", "role_id") VALUES ('19e8d4f4-66ef-4407-b090-dad1220ea2c3', '1');
INSERT INTO "sys_element_role" ("element_id", "role_id") VALUES ('ee2a4314-531e-47ef-866b-8e04433bc934', '7e43d37d-d045-445f-a1de-cb1259f7709c');
INSERT INTO "sys_element_role" ("element_id", "role_id") VALUES ('ee2a4314-531e-47ef-866b-8e04433bc934', '1');
INSERT INTO "sys_element_role" ("element_id", "role_id") VALUES ('d319b130-9be4-46f4-bf56-97f14fb05260', '1');
INSERT INTO "sys_element_role" ("element_id", "role_id") VALUES ('b3e3cc74-a8cc-471a-b6be-6802d5b82a6a', '1');
INSERT INTO "sys_element_role" ("element_id", "role_id") VALUES ('4dcb04f5-bb64-470c-b6ff-52dd6f19bba0', '1');
INSERT INTO "sys_element_role" ("element_id", "role_id") VALUES ('3b83534e-016f-4e22-9553-5d8b96f29146', '1');
INSERT INTO "sys_element_role" ("element_id", "role_id") VALUES ('312d287f-ee2e-486f-b2e6-88328edb2c75', '7e43d37d-d045-445f-a1de-cb1259f7709c');
INSERT INTO "sys_element_role" ("element_id", "role_id") VALUES ('312d287f-ee2e-486f-b2e6-88328edb2c75', '1');
INSERT INTO "sys_element_role" ("element_id", "role_id") VALUES ('c21db958-7eab-4dbc-8061-966294684219', '1');
INSERT INTO "sys_element_role" ("element_id", "role_id") VALUES ('c21db958-7eab-4dbc-8061-966294684219', 'faccc981-7cd4-4333-9ef9-93752eb186bd');
INSERT INTO "sys_element_role" ("element_id", "role_id") VALUES ('9f064902-162a-408f-bd3e-866b03c9dae1', '1');
INSERT INTO "sys_element_role" ("element_id", "role_id") VALUES ('9f064902-162a-408f-bd3e-866b03c9dae1', 'faccc981-7cd4-4333-9ef9-93752eb186bd');
INSERT INTO "sys_element_role" ("element_id", "role_id") VALUES ('0f9aa3b0-c164-4a61-ae31-5fd73274ce53', '1');
INSERT INTO "sys_element_role" ("element_id", "role_id") VALUES ('0f9aa3b0-c164-4a61-ae31-5fd73274ce53', 'faccc981-7cd4-4333-9ef9-93752eb186bd');
INSERT INTO "sys_element_role" ("element_id", "role_id") VALUES ('2ca9ed44-ed47-4346-a310-d32375d0d5bf', '7e43d37d-d045-445f-a1de-cb1259f7709c');
INSERT INTO "sys_element_role" ("element_id", "role_id") VALUES ('2ca9ed44-ed47-4346-a310-d32375d0d5bf', '1');
INSERT INTO "sys_element_role" ("element_id", "role_id") VALUES ('2ca9ed44-ed47-4346-a310-d32375d0d5bf', 'faccc981-7cd4-4333-9ef9-93752eb186bd');
INSERT INTO "sys_element_role" ("element_id", "role_id") VALUES ('740a286c-2c53-45a7-9a0f-c9d6a5b5f389', '7e43d37d-d045-445f-a1de-cb1259f7709c');
INSERT INTO "sys_element_role" ("element_id", "role_id") VALUES ('740a286c-2c53-45a7-9a0f-c9d6a5b5f389', '1');
INSERT INTO "sys_element_role" ("element_id", "role_id") VALUES ('740a286c-2c53-45a7-9a0f-c9d6a5b5f389', 'faccc981-7cd4-4333-9ef9-93752eb186bd');
INSERT INTO "sys_element_role" ("element_id", "role_id") VALUES ('cb426c81-7019-4249-a910-ced0d44ace97', '1');
INSERT INTO "sys_element_role" ("element_id", "role_id") VALUES ('0cf71777-908e-4e88-b7c6-36b75404396e', '1');
INSERT INTO "sys_element_role" ("element_id", "role_id") VALUES ('df94af5a-4f6f-4bda-a663-dcaaa9731b66', '1');
INSERT INTO "sys_element_role" ("element_id", "role_id") VALUES ('6b8d0925-66d7-4f5d-b3f4-fb9bb4bac670', '1');
INSERT INTO "sys_element_role" ("element_id", "role_id") VALUES ('c8ed388a-77e5-4257-93be-6362a3af2e23', '1');
INSERT INTO "sys_element_role" ("element_id", "role_id") VALUES ('af9b18f0-fd16-4fd3-a9ee-328c34b6f3d7', '1');
INSERT INTO "sys_element_role" ("element_id", "role_id") VALUES ('4cfafcff-a7a4-4bdd-b86d-9372f1666d88', '1');
INSERT INTO "sys_element_role" ("element_id", "role_id") VALUES ('3386cbab-7d57-4ae6-97f8-a0fc2d593879', '1');

-- ----------------------------
-- Table data for sys_interface_authority
-- ----------------------------
INSERT INTO "sys_attribute_permission" ( attribute_id, permission_id ) SELECT
                                                                           st.attribute_id,
                                                                           st.permission_id
FROM
    (
        SELECT
            '1' AS permission_id,
            sa.attribute_id
        FROM
            "sys_attribute" sa
        WHERE
                sa.url = '/security/element/tree'
           OR sa.url = '/oauth2/sign-out'
           OR sa.url LIKE'%enum%'
           OR sa.url LIKE'%message%' UNION
        SELECT
            '2' AS permission_id,
            sa.attribute_id
        FROM
            "sys_attribute" sa
        WHERE
                sa.url LIKE'%authorize%'
          AND sa.url != '/authorize/constant/enums' UNION
        SELECT
            '3' AS permission_id,
            sa.attribute_id
        FROM
            "sys_attribute" sa
        WHERE
                sa.url LIKE'%security%'
          AND sa.url != '/security/element/tree' UNION
        SELECT
            '4' AS permission_id,
            sa.attribute_id
        FROM
            "sys_attribute" sa
        WHERE
                sa.url LIKE'%hr%' UNION
        SELECT
            '5' AS permission_id,
            sa.attribute_id
        FROM
            "sys_attribute" sa
        WHERE
                sa.url LIKE'%camunda-extended%' UNION
        SELECT
            '6' AS permission_id,
            sa.attribute_id
        FROM
            "sys_attribute" sa
        WHERE
                sa.url LIKE'%db%'
           OR sa.url LIKE'%asset%' UNION
        SELECT
            '7' AS permission_id,
            sa.attribute_id
        FROM
            "sys_attribute" sa
        WHERE
                sa.url LIKE'%meteorology%'
           OR sa.url LIKE'%satellite%'
    ) AS st;